[
   {
      "id":"Apache-2.0",
      "identifiers":[
         {
            "identifier":"Apache-2.0",
            "scheme":"DEP5"
         },
         {
            "identifier":"Apache-2.0",
            "scheme":"SPDX"
         },
         {
            "identifier":"License :: OSI Approved :: Apache Software License",
            "scheme":"Trove"
         }
      ],
      "links":[
         {
            "note":"tl;dr legal",
            "url":"https://tldrlegal.com/license/apache-license-2.0-%28apache-2.0%29"
         },
         {
            "note":"Wikipedia page",
            "url":"https://en.wikipedia.org/wiki/Apache_License"
         },
         {
            "note":"OSI Page",
            "url":"https://opensource.org/licenses/Apache-2.0"
         }
      ],
      "name":"Apache License, Version 2.0",
      "other_names":[
         
      ],
      "superseded_by":null,
      "keywords":[
         "osi-approved",
         "popular",
         "permissive"
      ],
      "text":[
         {
            "media_type":"text/html",
            "title":"HTML",
            "url":"https://www.apache.org/licenses/LICENSE-2.0"
         }
      ]
   },
   {
      "id":"BSD-2",
      "identifiers":[
         {
            "identifier":"BSD-2-clause",
            "scheme":"DEP5"
         },
         {
            "identifier":"BSD-2-Clause",
            "scheme":"SPDX"
         }
      ],
      "links":[
         {
            "note":"Wikipedia Page",
            "url":"https://en.wikipedia.org/wiki/BSD_licenses#2-clause"
         },
         {
            "note":"OSI Page",
            "url":"https://opensource.org/licenses/BSD-2-Clause"
         }
      ],
      "name":"BSD 2-Clause License",
      "other_names":[
         {
            "name":"Simplified BSD License",
            "note":null
         },
         {
            "name":"FreeBSD License",
            "note":null
         }
      ],
      "superseded_by":null,
      "keywords":[
         "osi-approved",
         "popular",
         "permissive"
      ],
      "text":[
         {
            "media_type":"text/html",
            "title":"HTML",
            "url":"https://opensource.org/licenses/BSD-2-Clause"
         }
      ]
   },
   {
      "id":"BSD-3",
      "identifiers":[
         {
            "identifier":"BSD-3-clause",
            "scheme":"DEP5"
         },
         {
            "identifier":"BSD-3-Clause",
            "scheme":"SPDX"
         },
         {
            "identifier":"License :: OSI Approved :: BSD License",
            "scheme":"Trove"
         }
      ],
      "links":[
         {
            "note":"Wikipedia Page",
            "url":"https://en.wikipedia.org/wiki/BSD_licenses#3-clause"
         },
         {
            "note":"OSI Page",
            "url":"https://opensource.org/licenses/BSD-3-Clause"
         }
      ],
      "name":"BSD 3-Clause License",
      "other_names":[
         {
            "name":"Revised BSD License",
            "note":null
         },
         {
            "name":"Modified BSD License",
            "note":null
         },
         {
            "name":"New BSD License",
            "note":null
         }
      ],
      "superseded_by":null,
      "keywords":[
         "osi-approved",
         "popular",
         "permissive"
      ],
      "text":[
         {
            "media_type":"text/html",
            "title":"HTML",
            "url":"https://opensource.org/licenses/BSD-3-Clause"
         }
      ]
   },
   {
      "id":"CDDL-1.0",
      "identifiers":[
         {
            "identifier":"CDDL-1.0",
            "scheme":"DEP5"
         },
         {
            "identifier":"CDDL-1.0",
            "scheme":"SPDX"
         }
      ],
      "links":[
         {
            "note":"Wikipedia page",
            "url":"https://en.wikipedia.org/wiki/Common_Development_and_Distribution_License"
         },
         {
            "note":"OSI Page",
            "url":"https://opensource.org/licenses/CDDL-1.0"
         }
      ],
      "name":"Common Development and Distribution License, Version 1.0",
      "other_names":[
         
      ],
      "superseded_by":null,
      "keywords":[
         "osi-approved",
         "popular"
      ],
      "text":[
         {
            "media_type":"text/html",
            "title":"HTML",
            "url":"https://opensource.org/licenses/CDDL-1.0"
         }
      ]
   },
   {
      "id":"EPL-1.0",
      "identifiers":[
         {
            "identifier":"EPL-1.0",
            "scheme":"SPDX"
         }
      ],
      "links":[
         {
            "note":"Wikipedia page",
            "url":"https://en.wikipedia.org/wiki/Eclipse_Public_License"
         },
         {
            "note":"OSI Page",
            "url":"https://opensource.org/licenses/EPL-1.0"
         }
      ],
      "name":"Eclipse Public License, Version 1.0",
      "other_names":[
         
      ],
      "superseded_by":null,
      "keywords":[
         "osi-approved",
         "popular"
      ],
      "text":[
         {
            "media_type":"text/html",
            "title":"HTML",
            "url":"https://www.eclipse.org/legal/epl-v10.html"
         }
      ]
   },
   {
      "id":"GPL-2.0",
      "identifiers":[
         {
            "identifier":"GPL-2.0",
            "scheme":"DEP5"
         },
         {
            "identifier":"GPL-2.0",
            "scheme":"SPDX"
         },
         {
            "identifier":"License :: OSI Approved :: GNU General Public License v2 (GPLv2)",
            "scheme":"Trove"
         }
      ],
      "links":[
         {
            "note":"tl;dr legal",
            "url":"https://tldrlegal.com/license/gnu-general-public-license-v2"
         },
         {
            "note":"Wikipedia page",
            "url":"https://en.wikipedia.org/wiki/GNU_General_Public_License"
         },
         {
            "note":"OSI Page",
            "url":"https://opensource.org/licenses/GPL-2.0"
         }
      ],
      "name":"GNU General Public License, Version 2.0",
      "other_names":[
         
      ],
      "superseded_by":"GPL-3.0",
      "keywords":[
         "osi-approved",
         "popular",
         "copyleft"
      ],
      "text":[
         {
            "media_type":"text/plain",
            "title":"Plain Text",
            "url":"https://www.gnu.org/licenses/gpl-2.0.txt"
         },
         {
            "media_type":"text/html",
            "title":"HTML",
            "url":"https://www.gnu.org/licenses/gpl-2.0-standalone.html"
         }
      ]
   },
   {
      "id":"GPL-3.0",
      "identifiers":[
         {
            "identifier":"GPL-3.0",
            "scheme":"DEP5"
         },
         {
            "identifier":"GPL-3.0",
            "scheme":"SPDX"
         },
         {
            "identifier":"License :: OSI Approved :: GNU General Public License (GPL)",
            "scheme":"Trove"
         },
         {
            "identifier":"License :: OSI Approved :: GNU General Public License v3 (GPLv3)",
            "scheme":"Trove"
         }
      ],
      "links":[
         {
            "note":"tl;dr legal",
            "url":"https://tldrlegal.com/license/gnu-general-public-license-v3-%28gpl-3%29"
         },
         {
            "note":"Wikipedia page",
            "url":"https://en.wikipedia.org/wiki/GNU_General_Public_License"
         },
         {
            "note":"OSI Page",
            "url":"https://opensource.org/licenses/GPL-3.0"
         }
      ],
      "name":"GNU General Public License, Version 3.0",
      "other_names":[
         
      ],
      "superseded_by":null,
      "keywords":[
         "osi-approved",
         "popular",
         "copyleft"
      ],
      "text":[
         {
            "media_type":"text/plain",
            "title":"Plain Text",
            "url":"https://www.gnu.org/licenses/gpl-3.0.txt"
         },
         {
            "media_type":"text/html",
            "title":"HTML",
            "url":"https://www.gnu.org/licenses/gpl-3.0-standalone.html"
         }
      ]
   },
   {
      "id":"LGPL-2.1",
      "identifiers":[
         {
            "identifier":"LGPL-2.1",
            "scheme":"DEP5"
         },
         {
            "identifier":"LGPL-2.1",
            "scheme":"SPDX"
         },
         {
            "identifier":"License :: OSI Approved :: GNU Lesser General Public License v2 (LGPLv2)",
            "scheme":"Trove"
         }
      ],
      "links":[
         {
            "note":"Wikipedia page",
            "url":"https://en.wikipedia.org/wiki/GNU_Lesser_General_Public_License"
         },
         {
            "note":"OSI Page",
            "url":"https://opensource.org/licenses/LGPL-2.1"
         }
      ],
      "name":"GNU Lesser General Public License, Version 2.1",
      "other_names":[
         
      ],
      "superseded_by":"LGPL-3.0",
      "keywords":[
         "osi-approved",
         "popular",
         "copyleft"
      ],
      "text":[
         {
            "media_type":"text/plain",
            "title":"Plain Text",
            "url":"https://www.gnu.org/licenses/lgpl-2.1.txt"
         },
         {
            "media_type":"text/html",
            "title":"HTML",
            "url":"https://www.gnu.org/licenses/lgpl-2.1-standalone.html"
         }
      ]
   },
   {
      "id":"LGPL-3.0",
      "identifiers":[
         {
            "identifier":"LGPL-3.0",
            "scheme":"DEP5"
         },
         {
            "identifier":"LGPL-3.0",
            "scheme":"SPDX"
         },
         {
            "identifier":"License :: OSI Approved :: GNU Lesser General Public License v3 (LGPLv3)",
            "scheme":"Trove"
         },
         {
            "identifier":"License :: OSI Approved :: GNU Library or Lesser General Public License (LGPL)",
            "scheme":"Trove"
         }
      ],
      "links":[
         {
            "note":"Wikipedia page",
            "url":"https://en.wikipedia.org/wiki/GNU_Lesser_General_Public_License"
         },
         {
            "note":"OSI Page",
            "url":"https://opensource.org/licenses/LGPL-3.0"
         }
      ],
      "name":"GNU Lesser General Public License, Version 3.0",
      "other_names":[
         
      ],
      "superseded_by":null,
      "keywords":[
         "osi-approved",
         "popular",
         "copyleft"
      ],
      "text":[
         {
            "media_type":"text/plain",
            "title":"Plain Text",
            "url":"https://www.gnu.org/licenses/lgpl-3.0.txt"
         },
         {
            "media_type":"text/html",
            "title":"HTML",
            "url":"https://www.gnu.org/licenses/lgpl-3.0-standalone.html"
         }
      ]
   },
   {
      "id":"MIT",
      "identifiers":[
         {
            "identifier":"MIT",
            "scheme":"DEP5"
         },
         {
            "identifier":"Expat",
            "scheme":"DEP5"
         },
         {
            "identifier":"MIT",
            "scheme":"SPDX"
         },
         {
            "identifier":"License :: OSI Approved :: MIT License",
            "scheme":"Trove"
         }
      ],
      "links":[
         {
            "note":"tl;dr legal",
            "url":"https://tldrlegal.com/license/mit-license"
         },
         {
            "note":"Wikipedia page",
            "url":"https://en.wikipedia.org/wiki/MIT_License"
         },
         {
            "note":"OSI Page",
            "url":"https://opensource.org/licenses/mit"
         }
      ],
      "name":"MIT/Expat License",
      "other_names":[
         {
            "name":"MIT",
            "note":"Because MIT has used many licenses for software, the Free Software Foundation considers MIT License ambiguous. The MIT License published on the OSI site is the same as the Expat License."
         },
         {
            "name":"Expat",
            "note":"Because MIT has used many licenses for software, the Free Software Foundation considers MIT License ambiguous. The MIT License published on the OSI site is the same as the Expat License."
         }
      ],
      "superseded_by":null,
      "keywords":[
         "osi-approved",
         "popular",
         "permissive"
      ],
      "text":[
         {
            "media_type":"text/html",
            "title":"HTML",
            "url":"https://opensource.org/licenses/mit"
         }
      ]
   },
   {
      "id":"MPL-2.0",
      "identifiers":[
         {
            "identifier":"MPL-2.0",
            "scheme":"SPDX"
         },
         {
            "identifier":"License :: OSI Approved :: Mozilla Public License 2.0 (MPL 2.0)",
            "scheme":"Trove"
         }
      ],
      "links":[
         {
            "note":"Wikipedia page",
            "url":"https://en.wikipedia.org/wiki/MPL_License"
         },
         {
            "note":"OSI Page",
            "url":"https://opensource.org/licenses/MPL-2.0"
         },
         {
            "note":"Mozilla Page",
            "url":"https://www.mozilla.org/en-US/MPL/"
         }
      ],
      "name":"Mozilla Public License, Version 2.0",
      "other_names":[
         
      ],
      "superseded_by":null,
      "keywords":[
         "osi-approved",
         "popular",
         "copyleft"
      ],
      "text":[
         {
            "media_type":"text/html",
            "title":"HTML",
            "url":"https://www.mozilla.org/en-US/MPL/2.0/"
         }
      ]
   }
]