{
   "id":216,
   "url":"http://www.tvmaze.com/shows/216/rick-and-morty",
   "name":"Rick and Morty",
   "type":"Animation",
   "language":"English",
   "genres":[
      "Comedy",
      "Adventure",
      "Science-Fiction"
   ],
   "status":"Running",
   "runtime":30,
   "premiered":"2013-12-02",
   "officialSite":"http://www.adultswim.com/videos/rick-and-morty",
   "schedule":{
      "time":"23:30",
      "days":[
         "Sunday"
      ]
   },
   "rating":{
      "average":9
   },
   "weight":98,
   "network":{
      "id":10,
      "name":"Adult Swim",
      "country":{
         "name":"United States",
         "code":"US",
         "timezone":"America/New_York"
      }
   },
   "webChannel":null,
   "externals":{
      "tvrage":33381,
      "thetvdb":275274,
      "imdb":"tt2861424"
   },
   "image":{
      "medium":"http://static.tvmaze.com/uploads/images/medium_portrait/1/3603.jpg",
      "original":"http://static.tvmaze.com/uploads/images/original_untouched/1/3603.jpg"
   },
   "summary":"<p>Rick is a mentally gifted, but sociopathic and alcoholic scientist and a grandfather to Morty; an awkward, impressionable, and somewhat spineless teenage boy. Rick moves into the family home of Morty, where he immediately becomes a bad influence.</p>",
   "updated":1601211348,
   "_links":{
      "self":{
         "href":"http://api.tvmaze.com/shows/216"
      },
      "previousepisode":{
         "href":"http://api.tvmaze.com/episodes/1839344"
      }
   },
   "_embedded":{
      "episodes":[
         {
            "id":14308,
            "url":"http://www.tvmaze.com/episodes/14308/rick-and-morty-1x01-pilot",
            "name":"Pilot",
            "season":1,
            "number":1,
            "type":"regular",
            "airdate":"2013-12-02",
            "airtime":"22:30",
            "airstamp":"2013-12-03T03:30:00+00:00",
            "runtime":30,
            "image":{
               "medium":"http://static.tvmaze.com/uploads/images/medium_landscape/15/37912.jpg",
               "original":"http://static.tvmaze.com/uploads/images/original_untouched/15/37912.jpg"
            },
            "summary":"<p>Rick takes Morty to another dimension to get some seeds for him but Morty's parents are considering to put Rick in a retirement home for keeping Morty away from school to help him in his lab.</p>",
            "_links":{
               "self":{
                  "href":"http://api.tvmaze.com/episodes/14308"
               }
            }
         },
         {
            "id":14309,
            "url":"http://www.tvmaze.com/episodes/14309/rick-and-morty-1x02-lawnmower-dog",
            "name":"Lawnmower Dog",
            "season":1,
            "number":2,
            "type":"regular",
            "airdate":"2013-12-09",
            "airtime":"22:30",
            "airstamp":"2013-12-10T03:30:00+00:00",
            "runtime":30,
            "image":{
               "medium":"http://static.tvmaze.com/uploads/images/medium_landscape/15/37913.jpg",
               "original":"http://static.tvmaze.com/uploads/images/original_untouched/15/37913.jpg"
            },
            "summary":"<p>Morty's small, white dog Snuffles gets on the nerves of the family, so Rick quickly builds a knowledge enhancing helmet for the dog. In the meantime, Rick and Morty decide to incept the dreams of Morty's math teacher, Mr. Goldenfold in order to convince him to give Morty A's in math. While the duo are sent on an epic dream world journey, Snuffles slowly gains sentience, which leads to a slew of even more problems.</p>",
            "_links":{
               "self":{
                  "href":"http://api.tvmaze.com/episodes/14309"
               }
            }
         },
         {
            "id":14310,
            "url":"http://www.tvmaze.com/episodes/14310/rick-and-morty-1x03-anatomy-park",
            "name":"Anatomy Park",
            "season":1,
            "number":3,
            "type":"regular",
            "airdate":"2013-12-16",
            "airtime":"22:30",
            "airstamp":"2013-12-17T03:30:00+00:00",
            "runtime":30,
            "image":{
               "medium":"http://static.tvmaze.com/uploads/images/medium_landscape/15/37914.jpg",
               "original":"http://static.tvmaze.com/uploads/images/original_untouched/15/37914.jpg"
            },
            "summary":"<p>It's around Christmas time and Jerry's parents are coming to visit so he wants everybody to have a normal holiday without technology and without Rick. Fortunately for him, Rick has other plans, involving building a molecular theme park inside of a friend of his named Ruben, and he shrinks down Morty and sends him in there to test it out.</p>",
            "_links":{
               "self":{
                  "href":"http://api.tvmaze.com/episodes/14310"
               }
            }
         },
         {
            "id":14311,
            "url":"http://www.tvmaze.com/episodes/14311/rick-and-morty-1x04-m-night-shaym-aliens",
            "name":"M. Night Shaym-Aliens!",
            "season":1,
            "number":4,
            "type":"regular",
            "airdate":"2014-01-13",
            "airtime":"22:30",
            "airstamp":"2014-01-14T03:30:00+00:00",
            "runtime":30,
            "image":{
               "medium":"http://static.tvmaze.com/uploads/images/medium_landscape/15/37915.jpg",
               "original":"http://static.tvmaze.com/uploads/images/original_untouched/15/37915.jpg"
            },
            "summary":"<p>Rick and Morty try to get to the bottom of a mystery in this M. Night Shyamalan style twistaroony of an episode.</p>",
            "_links":{
               "self":{
                  "href":"http://api.tvmaze.com/episodes/14311"
               }
            }
         },
         {
            "id":14312,
            "url":"http://www.tvmaze.com/episodes/14312/rick-and-morty-1x05-meeseeks-and-destroy",
            "name":"Meeseeks and Destroy",
            "season":1,
            "number":5,
            "type":"regular",
            "airdate":"2014-01-20",
            "airtime":"22:30",
            "airstamp":"2014-01-21T03:30:00+00:00",
            "runtime":30,
            "image":{
               "medium":"http://static.tvmaze.com/uploads/images/medium_landscape/15/37916.jpg",
               "original":"http://static.tvmaze.com/uploads/images/original_untouched/15/37916.jpg"
            },
            "summary":"<p>Rick provides the family with a solution to their problems, freeing him up to go on an adventure led by Morty. Sounds good, better record this one, broh!</p>",
            "_links":{
               "self":{
                  "href":"http://api.tvmaze.com/episodes/14312"
               }
            }
         },
         {
            "id":14313,
            "url":"http://www.tvmaze.com/episodes/14313/rick-and-morty-1x06-rick-potion-9",
            "name":"Rick Potion #9",
            "season":1,
            "number":6,
            "type":"regular",
            "airdate":"2014-01-27",
            "airtime":"22:30",
            "airstamp":"2014-01-28T03:30:00+00:00",
            "runtime":30,
            "image":{
               "medium":"http://static.tvmaze.com/uploads/images/medium_landscape/15/37917.jpg",
               "original":"http://static.tvmaze.com/uploads/images/original_untouched/15/37917.jpg"
            },
            "summary":"<p>Rick provides Morty with a love potion to get Jessica. The serum backfires &amp; Rick's attempt to fix things creates Cronenberg inspired monsters. Rick is okay with it but Morty feels partly responsible for creating a living nightmare.</p>",
            "_links":{
               "self":{
                  "href":"http://api.tvmaze.com/episodes/14313"
               }
            }
         },
         {
            "id":14314,
            "url":"http://www.tvmaze.com/episodes/14314/rick-and-morty-1x07-raising-gazorpazorp",
            "name":"Raising Gazorpazorp",
            "season":1,
            "number":7,
            "type":"regular",
            "airdate":"2014-03-10",
            "airtime":"22:30",
            "airstamp":"2014-03-11T02:30:00+00:00",
            "runtime":30,
            "image":{
               "medium":"http://static.tvmaze.com/uploads/images/medium_landscape/15/37918.jpg",
               "original":"http://static.tvmaze.com/uploads/images/original_untouched/15/37918.jpg"
            },
            "summary":"<p>Morty convinces Rick to buy him a sexy robot. Guess what tho? Trouble happens, dog.</p>",
            "_links":{
               "self":{
                  "href":"http://api.tvmaze.com/episodes/14314"
               }
            }
         },
         {
            "id":14315,
            "url":"http://www.tvmaze.com/episodes/14315/rick-and-morty-1x08-rixty-minutes",
            "name":"Rixty Minutes",
            "season":1,
            "number":8,
            "type":"regular",
            "airdate":"2014-03-17",
            "airtime":"22:30",
            "airstamp":"2014-03-18T02:30:00+00:00",
            "runtime":30,
            "image":{
               "medium":"http://static.tvmaze.com/uploads/images/medium_landscape/15/37919.jpg",
               "original":"http://static.tvmaze.com/uploads/images/original_untouched/15/37919.jpg"
            },
            "summary":"<p>When Rick hooks up the family's tv receiver with reality-tv shows from alternate dimensions, and allows them to see themselves in different versions of their lives, they begin to wonder what they have, and more importantly - what could have been.</p>",
            "_links":{
               "self":{
                  "href":"http://api.tvmaze.com/episodes/14315"
               }
            }
         },
         {
            "id":14316,
            "url":"http://www.tvmaze.com/episodes/14316/rick-and-morty-1x09-something-ricked-this-way-comes",
            "name":"Something Ricked This Way Comes",
            "season":1,
            "number":9,
            "type":"regular",
            "airdate":"2014-03-24",
            "airtime":"22:30",
            "airstamp":"2014-03-25T02:30:00+00:00",
            "runtime":30,
            "image":{
               "medium":"http://static.tvmaze.com/uploads/images/medium_landscape/15/37920.jpg",
               "original":"http://static.tvmaze.com/uploads/images/original_untouched/15/37920.jpg"
            },
            "summary":"<p>Rick goes to battle with the devil, and Summer gets upset about it, broh. Plus Jerry and Morty hang out, broh!</p>",
            "_links":{
               "self":{
                  "href":"http://api.tvmaze.com/episodes/14316"
               }
            }
         },
         {
            "id":14317,
            "url":"http://www.tvmaze.com/episodes/14317/rick-and-morty-1x10-close-rick-counters-of-the-rick-kind",
            "name":"Close Rick-Counters of the Rick Kind",
            "season":1,
            "number":10,
            "type":"regular",
            "airdate":"2014-04-07",
            "airtime":"22:30",
            "airstamp":"2014-04-08T02:30:00+00:00",
            "runtime":30,
            "image":{
               "medium":"http://static.tvmaze.com/uploads/images/medium_landscape/15/37921.jpg",
               "original":"http://static.tvmaze.com/uploads/images/original_untouched/15/37921.jpg"
            },
            "summary":"<p>Rick has a run in with some old associates, resulting in a fallout with Morty. You got any chips, broh?</p>",
            "_links":{
               "self":{
                  "href":"http://api.tvmaze.com/episodes/14317"
               }
            }
         },
         {
            "id":14318,
            "url":"http://www.tvmaze.com/episodes/14318/rick-and-morty-1x11-ricksy-business",
            "name":"Ricksy Business",
            "season":1,
            "number":11,
            "type":"regular",
            "airdate":"2014-04-14",
            "airtime":"22:30",
            "airstamp":"2014-04-15T02:30:00+00:00",
            "runtime":30,
            "image":{
               "medium":"http://static.tvmaze.com/uploads/images/medium_landscape/15/37922.jpg",
               "original":"http://static.tvmaze.com/uploads/images/original_untouched/15/37922.jpg"
            },
            "summary":"<p>Beth and Jerry head for an iceberg of a date leaving Rick in charge. Morty doesn't get to go on any more adventures if the house isn't in the same condition when they get back.</p>",
            "_links":{
               "self":{
                  "href":"http://api.tvmaze.com/episodes/14318"
               }
            }
         },
         {
            "id":157166,
            "url":"http://www.tvmaze.com/episodes/157166/rick-and-morty-2x01-a-rickle-in-time",
            "name":"A Rickle in Time",
            "season":2,
            "number":1,
            "type":"regular",
            "airdate":"2015-07-26",
            "airtime":"23:30",
            "airstamp":"2015-07-27T03:30:00+00:00",
            "runtime":30,
            "image":{
               "medium":"http://static.tvmaze.com/uploads/images/medium_landscape/15/37923.jpg",
               "original":"http://static.tvmaze.com/uploads/images/original_untouched/15/37923.jpg"
            },
            "summary":"<p>Rick don goofed this time and mussed up the whole time frame broh! Beth and Jerry get romantic!</p>",
            "_links":{
               "self":{
                  "href":"http://api.tvmaze.com/episodes/157166"
               }
            }
         },
         {
            "id":183053,
            "url":"http://www.tvmaze.com/episodes/183053/rick-and-morty-2x02-mortynight-run",
            "name":"Mortynight Run",
            "season":2,
            "number":2,
            "type":"regular",
            "airdate":"2015-08-02",
            "airtime":"23:30",
            "airstamp":"2015-08-03T03:30:00+00:00",
            "runtime":30,
            "image":{
               "medium":"http://static.tvmaze.com/uploads/images/medium_landscape/15/37924.jpg",
               "original":"http://static.tvmaze.com/uploads/images/original_untouched/15/37924.jpg"
            },
            "summary":"<p>Morty tries to save a life.</p>",
            "_links":{
               "self":{
                  "href":"http://api.tvmaze.com/episodes/183053"
               }
            }
         },
         {
            "id":201178,
            "url":"http://www.tvmaze.com/episodes/201178/rick-and-morty-2x03-auto-erotic-assimilation",
            "name":"Auto Erotic Assimilation",
            "season":2,
            "number":3,
            "type":"regular",
            "airdate":"2015-08-09",
            "airtime":"23:30",
            "airstamp":"2015-08-10T03:30:00+00:00",
            "runtime":30,
            "image":{
               "medium":"http://static.tvmaze.com/uploads/images/medium_landscape/15/37925.jpg",
               "original":"http://static.tvmaze.com/uploads/images/original_untouched/15/37925.jpg"
            },
            "summary":"<p>Rick becomes emotional; Beth and Jerry are hard on each other.</p>",
            "_links":{
               "self":{
                  "href":"http://api.tvmaze.com/episodes/201178"
               }
            }
         },
         {
            "id":201179,
            "url":"http://www.tvmaze.com/episodes/201179/rick-and-morty-2x04-total-rickall",
            "name":"Total Rickall",
            "season":2,
            "number":4,
            "type":"regular",
            "airdate":"2015-08-16",
            "airtime":"23:30",
            "airstamp":"2015-08-17T03:30:00+00:00",
            "runtime":30,
            "image":{
               "medium":"http://static.tvmaze.com/uploads/images/medium_landscape/15/38412.jpg",
               "original":"http://static.tvmaze.com/uploads/images/original_untouched/15/38412.jpg"
            },
            "summary":"<p>Meeting new friends; Morty goes ballistic.</p>",
            "_links":{
               "self":{
                  "href":"http://api.tvmaze.com/episodes/201179"
               }
            }
         },
         {
            "id":201180,
            "url":"http://www.tvmaze.com/episodes/201180/rick-and-morty-2x05-get-schwifty",
            "name":"Get Schwifty",
            "season":2,
            "number":5,
            "type":"regular",
            "airdate":"2015-08-23",
            "airtime":"23:30",
            "airstamp":"2015-08-24T03:30:00+00:00",
            "runtime":30,
            "image":{
               "medium":"http://static.tvmaze.com/uploads/images/medium_landscape/15/39536.jpg",
               "original":"http://static.tvmaze.com/uploads/images/original_untouched/15/39536.jpg"
            },
            "summary":"<p>Rick and Morty must step up and save things; a new religion starts up.</p>",
            "_links":{
               "self":{
                  "href":"http://api.tvmaze.com/episodes/201180"
               }
            }
         },
         {
            "id":201181,
            "url":"http://www.tvmaze.com/episodes/201181/rick-and-morty-2x06-the-ricks-must-be-crazy",
            "name":"The Ricks Must Be Crazy",
            "season":2,
            "number":6,
            "type":"regular",
            "airdate":"2015-08-30",
            "airtime":"23:30",
            "airstamp":"2015-08-31T03:30:00+00:00",
            "runtime":30,
            "image":{
               "medium":"http://static.tvmaze.com/uploads/images/medium_landscape/68/171025.jpg",
               "original":"http://static.tvmaze.com/uploads/images/original_untouched/68/171025.jpg"
            },
            "summary":"<p>Rick forgets to check his oil, and must repair his car.</p>",
            "_links":{
               "self":{
                  "href":"http://api.tvmaze.com/episodes/201181"
               }
            }
         },
         {
            "id":211831,
            "url":"http://www.tvmaze.com/episodes/211831/rick-and-morty-2x07-big-trouble-in-little-sanchez",
            "name":"Big Trouble in Little Sanchez",
            "season":2,
            "number":7,
            "type":"regular",
            "airdate":"2015-09-13",
            "airtime":"23:30",
            "airstamp":"2015-09-14T03:30:00+00:00",
            "runtime":30,
            "image":{
               "medium":"http://static.tvmaze.com/uploads/images/medium_landscape/18/46223.jpg",
               "original":"http://static.tvmaze.com/uploads/images/original_untouched/18/46223.jpg"
            },
            "summary":"<p>Rick joins in on hijinks, Beth and Jerry sort out relationship issues.</p>",
            "_links":{
               "self":{
                  "href":"http://api.tvmaze.com/episodes/211831"
               }
            }
         },
         {
            "id":211832,
            "url":"http://www.tvmaze.com/episodes/211832/rick-and-morty-2x08-interdimensional-cable-2-tempting-fate",
            "name":"Interdimensional Cable 2: Tempting Fate",
            "season":2,
            "number":8,
            "type":"regular",
            "airdate":"2015-09-20",
            "airtime":"23:30",
            "airstamp":"2015-09-21T03:30:00+00:00",
            "runtime":30,
            "image":{
               "medium":"http://static.tvmaze.com/uploads/images/medium_landscape/68/171026.jpg",
               "original":"http://static.tvmaze.com/uploads/images/original_untouched/68/171026.jpg"
            },
            "summary":"<p>Jerry gets sick and Rick sparks up the TV.</p>",
            "_links":{
               "self":{
                  "href":"http://api.tvmaze.com/episodes/211832"
               }
            }
         },
         {
            "id":211833,
            "url":"http://www.tvmaze.com/episodes/211833/rick-and-morty-2x09-look-whos-purging-now",
            "name":"Look Who's Purging Now",
            "season":2,
            "number":9,
            "type":"regular",
            "airdate":"2015-09-27",
            "airtime":"23:30",
            "airstamp":"2015-09-28T03:30:00+00:00",
            "runtime":30,
            "image":{
               "medium":"http://static.tvmaze.com/uploads/images/medium_landscape/68/171027.jpg",
               "original":"http://static.tvmaze.com/uploads/images/original_untouched/68/171027.jpg"
            },
            "summary":"<p>Morty makes a mistake and Jerry and Summer work on their father daughter relationship.</p>",
            "_links":{
               "self":{
                  "href":"http://api.tvmaze.com/episodes/211833"
               }
            }
         },
         {
            "id":211834,
            "url":"http://www.tvmaze.com/episodes/211834/rick-and-morty-2x10-the-wedding-squanchers",
            "name":"The Wedding Squanchers",
            "season":2,
            "number":10,
            "type":"regular",
            "airdate":"2015-10-04",
            "airtime":"23:30",
            "airstamp":"2015-10-05T03:30:00+00:00",
            "runtime":30,
            "image":{
               "medium":"http://static.tvmaze.com/uploads/images/medium_landscape/22/57034.jpg",
               "original":"http://static.tvmaze.com/uploads/images/original_untouched/22/57034.jpg"
            },
            "summary":"<p>Birdperson is getting married and invites the Smith family to the wedding.</p>",
            "_links":{
               "self":{
                  "href":"http://api.tvmaze.com/episodes/211834"
               }
            }
         },
         {
            "id":1119144,
            "url":"http://www.tvmaze.com/episodes/1119144/rick-and-morty-3x01-the-rickshank-rickdemption",
            "name":"The Rickshank Rickdemption",
            "season":3,
            "number":1,
            "type":"regular",
            "airdate":"2017-04-01",
            "airtime":"23:30",
            "airstamp":"2017-04-02T03:30:00+00:00",
            "runtime":30,
            "image":{
               "medium":"http://static.tvmaze.com/uploads/images/medium_landscape/105/262759.jpg",
               "original":"http://static.tvmaze.com/uploads/images/original_untouched/105/262759.jpg"
            },
            "summary":"<p>Rick, still in galactic prison, puts an intricate escape plan into action. Back on Earth, which is now under federation control, Morty and Summer have an argument about their grandpa.</p>",
            "_links":{
               "self":{
                  "href":"http://api.tvmaze.com/episodes/1119144"
               }
            }
         },
         {
            "id":1144079,
            "url":"http://www.tvmaze.com/episodes/1144079/rick-and-morty-3x02-rickmancing-the-stone",
            "name":"Rickmancing the Stone",
            "season":3,
            "number":2,
            "type":"regular",
            "airdate":"2017-07-30",
            "airtime":"23:30",
            "airstamp":"2017-07-31T03:30:00+00:00",
            "runtime":30,
            "image":{
               "medium":"http://static.tvmaze.com/uploads/images/medium_landscape/122/306764.jpg",
               "original":"http://static.tvmaze.com/uploads/images/original_untouched/122/306764.jpg"
            },
            "summary":"<p>With the kids dealing with their parents' divorce, Rick takes them to a Mad Max-style universe where he tries to steal a green crystal from a group of scavengers.</p>",
            "_links":{
               "self":{
                  "href":"http://api.tvmaze.com/episodes/1144079"
               }
            }
         },
         {
            "id":1247370,
            "url":"http://www.tvmaze.com/episodes/1247370/rick-and-morty-3x03-pickle-rick",
            "name":"Pickle Rick",
            "season":3,
            "number":3,
            "type":"regular",
            "airdate":"2017-08-06",
            "airtime":"23:30",
            "airstamp":"2017-08-07T03:30:00+00:00",
            "runtime":30,
            "image":{
               "medium":"http://static.tvmaze.com/uploads/images/medium_landscape/123/308859.jpg",
               "original":"http://static.tvmaze.com/uploads/images/original_untouched/123/308859.jpg"
            },
            "summary":"<p>Rick turns himself into a pickle in one of his crazy experiments. The Smith family attends therapy.</p>",
            "_links":{
               "self":{
                  "href":"http://api.tvmaze.com/episodes/1247370"
               }
            }
         },
         {
            "id":1247371,
            "url":"http://www.tvmaze.com/episodes/1247371/rick-and-morty-3x04-vindicators-3-the-return-of-worldender",
            "name":"Vindicators 3: The Return of Worldender",
            "season":3,
            "number":4,
            "type":"regular",
            "airdate":"2017-08-13",
            "airtime":"23:30",
            "airstamp":"2017-08-14T03:30:00+00:00",
            "runtime":30,
            "image":{
               "medium":"http://static.tvmaze.com/uploads/images/medium_landscape/123/309507.jpg",
               "original":"http://static.tvmaze.com/uploads/images/original_untouched/123/309507.jpg"
            },
            "summary":"<p>Rick and Morty are summoned by the Vindicators to stop Worldender but end up in a deathtrap conceived by Drunk Rick. </p>",
            "_links":{
               "self":{
                  "href":"http://api.tvmaze.com/episodes/1247371"
               }
            }
         },
         {
            "id":1264543,
            "url":"http://www.tvmaze.com/episodes/1264543/rick-and-morty-3x05-the-whirly-dirly-conspiracy",
            "name":"The Whirly Dirly Conspiracy",
            "season":3,
            "number":5,
            "type":"regular",
            "airdate":"2017-08-20",
            "airtime":"23:30",
            "airstamp":"2017-08-21T03:30:00+00:00",
            "runtime":30,
            "image":{
               "medium":"http://static.tvmaze.com/uploads/images/medium_landscape/124/310725.jpg",
               "original":"http://static.tvmaze.com/uploads/images/original_untouched/124/310725.jpg"
            },
            "summary":"<p>Rick takes Jerry on a sympathy adventure to a resort where everyone is immortal when there, and Jerry meets some old acquaintances of Rick's who want payback.</p>",
            "_links":{
               "self":{
                  "href":"http://api.tvmaze.com/episodes/1264543"
               }
            }
         },
         {
            "id":1264544,
            "url":"http://www.tvmaze.com/episodes/1264544/rick-and-morty-3x06-rest-and-ricklaxation",
            "name":"Rest and Ricklaxation",
            "season":3,
            "number":6,
            "type":"regular",
            "airdate":"2017-08-27",
            "airtime":"23:30",
            "airstamp":"2017-08-28T03:30:00+00:00",
            "runtime":30,
            "image":{
               "medium":"http://static.tvmaze.com/uploads/images/medium_landscape/125/314281.jpg",
               "original":"http://static.tvmaze.com/uploads/images/original_untouched/125/314281.jpg"
            },
            "summary":"<p>Following a stressful adventure, Rick and Morty go on a break to a spa where they remove their toxins, which in turn take a form of their own.</p>",
            "_links":{
               "self":{
                  "href":"http://api.tvmaze.com/episodes/1264544"
               }
            }
         },
         {
            "id":1269493,
            "url":"http://www.tvmaze.com/episodes/1269493/rick-and-morty-3x07-the-ricklantis-mixup",
            "name":"The Ricklantis Mixup",
            "season":3,
            "number":7,
            "type":"regular",
            "airdate":"2017-09-10",
            "airtime":"23:30",
            "airstamp":"2017-09-11T03:30:00+00:00",
            "runtime":30,
            "image":{
               "medium":"http://static.tvmaze.com/uploads/images/medium_landscape/127/318431.jpg",
               "original":"http://static.tvmaze.com/uploads/images/original_untouched/127/318431.jpg"
            },
            "summary":"<p>Rick and Morty head to Atlantis. Meanwhile, the Citadel of Ricks undergoes major changes under new leadership</p>",
            "_links":{
               "self":{
                  "href":"http://api.tvmaze.com/episodes/1269493"
               }
            }
         },
         {
            "id":1269494,
            "url":"http://www.tvmaze.com/episodes/1269494/rick-and-morty-3x08-mortys-mind-blowers",
            "name":"Morty's Mind Blowers",
            "season":3,
            "number":8,
            "type":"regular",
            "airdate":"2017-09-17",
            "airtime":"23:30",
            "airstamp":"2017-09-18T03:30:00+00:00",
            "runtime":30,
            "image":{
               "medium":"http://static.tvmaze.com/uploads/images/medium_landscape/128/320259.jpg",
               "original":"http://static.tvmaze.com/uploads/images/original_untouched/128/320259.jpg"
            },
            "summary":"<p>Rick reveals to Morty his \"Morty's mind blowers,\" a collection of memories Morty asked Rick to erase from his mind.</p>",
            "_links":{
               "self":{
                  "href":"http://api.tvmaze.com/episodes/1269494"
               }
            }
         },
         {
            "id":1285112,
            "url":"http://www.tvmaze.com/episodes/1285112/rick-and-morty-3x09-the-abcs-of-beth",
            "name":"The ABC's of Beth",
            "season":3,
            "number":9,
            "type":"regular",
            "airdate":"2017-09-24",
            "airtime":"23:30",
            "airstamp":"2017-09-25T03:30:00+00:00",
            "runtime":30,
            "image":{
               "medium":"http://static.tvmaze.com/uploads/images/medium_landscape/128/322458.jpg",
               "original":"http://static.tvmaze.com/uploads/images/original_untouched/128/322458.jpg"
            },
            "summary":"<p>Jerry is lucky with a lady and Beth recalls her childhood.</p>",
            "_links":{
               "self":{
                  "href":"http://api.tvmaze.com/episodes/1285112"
               }
            }
         },
         {
            "id":1285113,
            "url":"http://www.tvmaze.com/episodes/1285113/rick-and-morty-3x10-the-rickchurian-mortydate",
            "name":"The Rickchurian Mortydate",
            "season":3,
            "number":10,
            "type":"regular",
            "airdate":"2017-10-01",
            "airtime":"23:30",
            "airstamp":"2017-10-02T03:30:00+00:00",
            "runtime":30,
            "image":{
               "medium":"http://static.tvmaze.com/uploads/images/medium_landscape/129/324378.jpg",
               "original":"http://static.tvmaze.com/uploads/images/original_untouched/129/324378.jpg"
            },
            "summary":"<p>Rick goes on a confrontation with the President.</p>",
            "_links":{
               "self":{
                  "href":"http://api.tvmaze.com/episodes/1285113"
               }
            }
         },
         {
            "id":1729610,
            "url":"http://www.tvmaze.com/episodes/1729610/rick-and-morty-4x01-edge-of-tomorty-rick-die-rickpeat",
            "name":"Edge of Tomorty: Rick, Die, Rickpeat",
            "season":4,
            "number":1,
            "type":"regular",
            "airdate":"2019-11-10",
            "airtime":"23:30",
            "airstamp":"2019-11-11T04:30:00+00:00",
            "runtime":30,
            "image":{
               "medium":"http://static.tvmaze.com/uploads/images/medium_landscape/221/553800.jpg",
               "original":"http://static.tvmaze.com/uploads/images/original_untouched/221/553800.jpg"
            },
            "summary":"<p>Rick brings Morty to a planet containing crystals that show whoever is touching them all the ways they may die depending on their choices.</p>",
            "_links":{
               "self":{
                  "href":"http://api.tvmaze.com/episodes/1729610"
               }
            }
         },
         {
            "id":1751878,
            "url":"http://www.tvmaze.com/episodes/1751878/rick-and-morty-4x02-the-old-man-and-the-seat",
            "name":"The Old Man and the Seat",
            "season":4,
            "number":2,
            "type":"regular",
            "airdate":"2019-11-17",
            "airtime":"23:30",
            "airstamp":"2019-11-18T04:30:00+00:00",
            "runtime":30,
            "image":{
               "medium":"http://static.tvmaze.com/uploads/images/medium_landscape/224/561992.jpg",
               "original":"http://static.tvmaze.com/uploads/images/original_untouched/224/561992.jpg"
            },
            "summary":"<p>People all have one thing in common.</p>",
            "_links":{
               "self":{
                  "href":"http://api.tvmaze.com/episodes/1751878"
               }
            }
         },
         {
            "id":1751879,
            "url":"http://www.tvmaze.com/episodes/1751879/rick-and-morty-4x03-one-crew-over-the-crewcoos-morty",
            "name":"One Crew Over the Crewcoo's Morty",
            "season":4,
            "number":3,
            "type":"regular",
            "airdate":"2019-11-24",
            "airtime":"23:30",
            "airstamp":"2019-11-25T04:30:00+00:00",
            "runtime":30,
            "image":{
               "medium":"http://static.tvmaze.com/uploads/images/medium_landscape/227/568855.jpg",
               "original":"http://static.tvmaze.com/uploads/images/original_untouched/227/568855.jpg"
            },
            "summary":"<p>Twists and turns abound.</p>",
            "_links":{
               "self":{
                  "href":"http://api.tvmaze.com/episodes/1751879"
               }
            }
         },
         {
            "id":1751880,
            "url":"http://www.tvmaze.com/episodes/1751880/rick-and-morty-4x04-claw-and-hoarder-special-ricktims-morty",
            "name":"Claw and Hoarder: Special Ricktim's Morty",
            "season":4,
            "number":4,
            "type":"regular",
            "airdate":"2019-12-08",
            "airtime":"23:30",
            "airstamp":"2019-12-09T04:30:00+00:00",
            "runtime":30,
            "image":{
               "medium":"http://static.tvmaze.com/uploads/images/medium_landscape/230/576337.jpg",
               "original":"http://static.tvmaze.com/uploads/images/original_untouched/230/576337.jpg"
            },
            "summary":"<p>Morty gets a dragon in this one broh. It's a wild ride broh.</p>",
            "_links":{
               "self":{
                  "href":"http://api.tvmaze.com/episodes/1751880"
               }
            }
         },
         {
            "id":1751881,
            "url":"http://www.tvmaze.com/episodes/1751881/rick-and-morty-4x05-rattlestar-ricklactica",
            "name":"Rattlestar Ricklactica",
            "season":4,
            "number":5,
            "type":"regular",
            "airdate":"2019-12-15",
            "airtime":"23:30",
            "airstamp":"2019-12-16T04:30:00+00:00",
            "runtime":30,
            "image":{
               "medium":"http://static.tvmaze.com/uploads/images/medium_landscape/231/579127.jpg",
               "original":"http://static.tvmaze.com/uploads/images/original_untouched/231/579127.jpg"
            },
            "summary":"<p>Lots of things in space broh. Snakes and sharp stuff. Watch this broh.</p>",
            "_links":{
               "self":{
                  "href":"http://api.tvmaze.com/episodes/1751881"
               }
            }
         },
         {
            "id":1827600,
            "url":"http://www.tvmaze.com/episodes/1827600/rick-and-morty-4x06-never-ricking-morty",
            "name":"Never Ricking Morty",
            "season":4,
            "number":6,
            "type":"regular",
            "airdate":"2020-05-03",
            "airtime":"23:30",
            "airstamp":"2020-05-04T03:30:00+00:00",
            "runtime":30,
            "image":{
               "medium":"http://static.tvmaze.com/uploads/images/medium_landscape/255/638365.jpg",
               "original":"http://static.tvmaze.com/uploads/images/original_untouched/255/638365.jpg"
            },
            "summary":"<p>Choo Choo, broh. Catch this train broh.</p>",
            "_links":{
               "self":{
                  "href":"http://api.tvmaze.com/episodes/1827600"
               }
            }
         },
         {
            "id":1830517,
            "url":"http://www.tvmaze.com/episodes/1830517/rick-and-morty-4x07-promortyus",
            "name":"Promortyus",
            "season":4,
            "number":7,
            "type":"regular",
            "airdate":"2020-05-10",
            "airtime":"23:30",
            "airstamp":"2020-05-11T03:30:00+00:00",
            "runtime":30,
            "image":{
               "medium":"http://static.tvmaze.com/uploads/images/medium_landscape/256/640513.jpg",
               "original":"http://static.tvmaze.com/uploads/images/original_untouched/256/640513.jpg"
            },
            "summary":"<p>Rick and Morty find themselves in a fight against face-hugging aliens who just happen to have an M&amp;M's store.</p><p><br /> </p>",
            "_links":{
               "self":{
                  "href":"http://api.tvmaze.com/episodes/1830517"
               }
            }
         },
         {
            "id":1839342,
            "url":"http://www.tvmaze.com/episodes/1839342/rick-and-morty-4x08-the-vat-of-acid-episode",
            "name":"The Vat of Acid Episode",
            "season":4,
            "number":8,
            "type":"regular",
            "airdate":"2020-05-17",
            "airtime":"23:30",
            "airstamp":"2020-05-18T03:30:00+00:00",
            "runtime":30,
            "image":{
               "medium":"http://static.tvmaze.com/uploads/images/medium_landscape/256/640514.jpg",
               "original":"http://static.tvmaze.com/uploads/images/original_untouched/256/640514.jpg"
            },
            "summary":null,
            "_links":{
               "self":{
                  "href":"http://api.tvmaze.com/episodes/1839342"
               }
            }
         },
         {
            "id":1839343,
            "url":"http://www.tvmaze.com/episodes/1839343/rick-and-morty-4x09-childrick-of-mort",
            "name":"Childrick of Mort",
            "season":4,
            "number":9,
            "type":"regular",
            "airdate":"2020-05-24",
            "airtime":"23:30",
            "airstamp":"2020-05-25T03:30:00+00:00",
            "runtime":30,
            "image":{
               "medium":"http://static.tvmaze.com/uploads/images/medium_landscape/258/645881.jpg",
               "original":"http://static.tvmaze.com/uploads/images/original_untouched/258/645881.jpg"
            },
            "summary":"<p>The dangers of having sex with a planet comes back to haunt Rick. Jerry's camping trip takes on a life of its own</p>",
            "_links":{
               "self":{
                  "href":"http://api.tvmaze.com/episodes/1839343"
               }
            }
         },
         {
            "id":1839344,
            "url":"http://www.tvmaze.com/episodes/1839344/rick-and-morty-4x10-star-mort-rickturn-of-the-jerri",
            "name":"Star Mort Rickturn of the Jerri",
            "season":4,
            "number":10,
            "type":"regular",
            "airdate":"2020-05-31",
            "airtime":"23:30",
            "airstamp":"2020-06-01T03:30:00+00:00",
            "runtime":30,
            "image":{
               "medium":"http://static.tvmaze.com/uploads/images/medium_landscape/259/649320.jpg",
               "original":"http://static.tvmaze.com/uploads/images/original_untouched/259/649320.jpg"
            },
            "summary":"<p>An adventure with an invisibility belt, but a family that disappears together, must stay together.</p><p><br /> </p>",
            "_links":{
               "self":{
                  "href":"http://api.tvmaze.com/episodes/1839344"
               }
            }
         }
      ]
   }
}